"","npar","AIC","BIC","logLik","deviance","Chisq","Df","Pr(>Chisq)"
"m_no_ngram",8,803.682893999336,829.181980446062,-393.841446999668,787.682893999336,NA,NA,NA
"m_with_ngram",9,768.971530424059,797.658002676626,-375.485765212029,750.971530424059,36.7113635752773,1,1.36978643696396e-09
