"","npar","AIC","BIC","logLik","deviance","Chisq","Df","Pr(>Chisq)"
"m_no_ngram",8,824.349008847054,849.84809529378,-404.174504423527,808.349008847054,NA,NA,NA
"m_with_ngram",9,788.895779173597,817.582251426164,-385.447889586799,770.895779173597,37.4532296734565,1,9.36315238777466e-10
