"","npar","AIC","BIC","logLik","deviance","Chisq","Df","Pr(>Chisq)"
"m_no_ngram",8,796.605735596528,822.104822043254,-390.302867798264,780.605735596528,NA,NA,NA
"m_with_ngram",9,773.78767457671,802.474146829277,-377.893837288355,755.78767457671,24.8180610198181,1,6.3004357662097e-07
